<metadata xml:lang="en">
	<Esri>
		<CreaDate>20210907</CreaDate>
		<CreaTime>23490800</CreaTime>
		<ArcGISFormat>1.0</ArcGISFormat>
		<SyncOnce>FALSE</SyncOnce>
		<DataProperties>
			<itemProps>
				<itemName Sync="TRUE">Census2020CountiesAndCTUs__ATTACH</itemName>
				<imsContentType Sync="TRUE">002</imsContentType>
				<itemSize Sync="TRUE">0.000</itemSize>
				<itemLocation>
					<linkage Sync="TRUE">file://\\g46palgdrftp001\Z\var\ftp\gdrs_temp\update\us_mn_state_metc\bdry_census2020counties_ctus\shp\Census2020CountiesAndCTUs__ATTACH.dbf</linkage>
					<protocol Sync="TRUE">Local Area Network</protocol>
				</itemLocation>
			</itemProps>
			<lineage>
				<Process ToolSource="C:\program files\arcgis\server\ArcToolbox\Toolboxes\Data Management Tools.tbx\CopyRows" Date="20210907" Time="234908">CopyRows /var/ftp/gdrs_temp/update\us_mn_state_metc\bdry_census2020counties_ctus\fgdb\bdry_census2020counties_ctus.gdb\Census2020CountiesAndCTUs__ATTACH \var\ftp\gdrs_temp\update\us_mn_state_metc\bdry_census2020counties_ctus\shp\Census2020CountiesAndCTUs__ATTACH.dbf #</Process>
			</lineage>
		</DataProperties>
		<SyncDate>20210907</SyncDate>
		<SyncTime>23490800</SyncTime>
		<ModDate>20210907</ModDate>
		<ModTime>23490800</ModTime>
	</Esri>
	<dataIdInfo>
		<envirDesc Sync="TRUE">Microsoft Windows XP Professional x64 Edition Version 5.2 (Build 3790) Service Pack 2; Esri ArcGIS 10.4.1.5686</envirDesc>
		<dataLang>
			<languageCode value="en" Sync="TRUE"/>
			<countryCode value="US" Sync="TRUE"/>
		</dataLang>
		<idCitation>
			<resTitle Sync="TRUE">Census2020CountiesAndCTUs__ATTACH</resTitle>
			<presForm>
				<PresFormCd value="011" Sync="TRUE"/>
			</presForm>
		</idCitation>
		<spatRpType>
			<SpatRepTypCd value="003" Sync="TRUE"/>
		</spatRpType>
	</dataIdInfo>
	<mdLang>
		<languageCode value="en" Sync="TRUE"/>
		<countryCode value="US" Sync="TRUE"/>
	</mdLang>
	<distInfo>
		<distFormat>
			<formatName Sync="TRUE">dBASE Table</formatName>
		</distFormat>
		<distTranOps>
			<transSize Sync="TRUE">0.000</transSize>
		</distTranOps>
	</distInfo>
	<mdHrLv>
		<ScopeCd value="007" Sync="TRUE"/>
	</mdHrLv>
	<mdHrLvName Sync="TRUE">dataset</mdHrLvName>
	<eainfo>
		<detailed Name="Census2020CountiesAndCTUs__ATTACH">
			<enttyp>
				<enttypl Sync="TRUE">Census2020CountiesAndCTUs__ATTACH</enttypl>
				<enttypt Sync="TRUE">Table</enttypt>
				<enttypc Sync="TRUE">0</enttypc>
			</enttyp>
			<attr>
				<attrlabl Sync="TRUE">OID</attrlabl>
				<attalias Sync="TRUE">OID</attalias>
				<attrtype Sync="TRUE">OID</attrtype>
				<attwidth Sync="TRUE">4</attwidth>
				<atprecis Sync="TRUE">0</atprecis>
				<attscale Sync="TRUE">0</attscale>
				<attrdef Sync="TRUE">Internal feature number.</attrdef>
				<attrdefs Sync="TRUE">Esri</attrdefs>
				<attrdomv>
					<udom Sync="TRUE">Sequential unique whole numbers that are automatically generated.</udom>
				</attrdomv>
			</attr>
			<attr>
				<attrlabl Sync="TRUE">CONTENT_TY</attrlabl>
				<attalias Sync="TRUE">CONTENT_TY</attalias>
				<attrtype Sync="TRUE">String</attrtype>
				<attwidth Sync="TRUE">150</attwidth>
				<atprecis Sync="TRUE">0</atprecis>
				<attscale Sync="TRUE">0</attscale>
			</attr>
			<attr>
				<attrlabl Sync="TRUE">ATT_NAME</attrlabl>
				<attalias Sync="TRUE">ATT_NAME</attalias>
				<attrtype Sync="TRUE">String</attrtype>
				<attwidth Sync="TRUE">250</attwidth>
				<atprecis Sync="TRUE">0</atprecis>
				<attscale Sync="TRUE">0</attscale>
			</attr>
			<attr>
				<attrlabl Sync="TRUE">DATA_SIZE</attrlabl>
				<attalias Sync="TRUE">DATA_SIZE</attalias>
				<attrtype Sync="TRUE">Integer</attrtype>
				<attwidth Sync="TRUE">10</attwidth>
				<atprecis Sync="TRUE">10</atprecis>
				<attscale Sync="TRUE">0</attscale>
			</attr>
		</detailed>
	</eainfo>
	<mdDateSt Sync="TRUE">20210907</mdDateSt>
</metadata>
