<metadata xml:lang="en">
	<Esri>
		<CreaDate>20210907</CreaDate>
		<CreaTime>10565000</CreaTime>
		<ArcGISFormat>1.0</ArcGISFormat>
		<SyncOnce>FALSE</SyncOnce>
		<DataProperties>
			<itemProps>
				<itemName Sync="TRUE">Census2020Counties</itemName>
				<imsContentType Sync="TRUE">002</imsContentType>
				<nativeExtBox>
					<westBL Sync="TRUE">419967.472300</westBL>
					<eastBL Sync="TRUE">521254.699800</eastBL>
					<southBL Sync="TRUE">4924223.791200</southBL>
					<northBL Sync="TRUE">5029129.992700</northBL>
					<exTypeCode Sync="TRUE">1</exTypeCode>
				</nativeExtBox>
				<itemLocation>
					<linkage Sync="TRUE">file://\\g46palgdrftp001\Z\var\ftp\gdrs_temp\update\us_mn_state_metc\bdry_census2020counties_ctus\shp\Census2020Counties.shp</linkage>
					<protocol Sync="TRUE">Local Area Network</protocol>
				</itemLocation>
				<itemSize Sync="TRUE">0.000</itemSize>
			</itemProps>
			<coordRef>
				<type Sync="TRUE">Projected</type>
				<geogcsn Sync="TRUE">GCS_North_American_1983</geogcsn>
				<csUnits Sync="TRUE">Linear Unit: Meter (1.000000)</csUnits>
				<projcsn Sync="TRUE">NAD_1983_UTM_Zone_15N</projcsn>
				<peXml Sync="TRUE">&lt;ProjectedCoordinateSystem xsi:type='typens:ProjectedCoordinateSystem' xmlns:xsi='http://www.w3.org/2001/XMLSchema-instance' xmlns:xs='http://www.w3.org/2001/XMLSchema' xmlns:typens='http://www.esri.com/schemas/ArcGIS/10.4'&gt;&lt;WKT&gt;PROJCS[&amp;quot;NAD_1983_UTM_Zone_15N&amp;quot;,GEOGCS[&amp;quot;GCS_North_American_1983&amp;quot;,DATUM[&amp;quot;D_North_American_1983&amp;quot;,SPHEROID[&amp;quot;GRS_1980&amp;quot;,6378137.0,298.257222101]],PRIMEM[&amp;quot;Greenwich&amp;quot;,0.0],UNIT[&amp;quot;Degree&amp;quot;,0.0174532925199433]],PROJECTION[&amp;quot;Transverse_Mercator&amp;quot;],PARAMETER[&amp;quot;False_Easting&amp;quot;,500000.0],PARAMETER[&amp;quot;False_Northing&amp;quot;,0.0],PARAMETER[&amp;quot;Central_Meridian&amp;quot;,-93.0],PARAMETER[&amp;quot;Scale_Factor&amp;quot;,0.9996],PARAMETER[&amp;quot;Latitude_Of_Origin&amp;quot;,0.0],UNIT[&amp;quot;Meter&amp;quot;,1.0],AUTHORITY[&amp;quot;EPSG&amp;quot;,26915]]&lt;/WKT&gt;&lt;XOrigin&gt;-5120900&lt;/XOrigin&gt;&lt;YOrigin&gt;-9998100&lt;/YOrigin&gt;&lt;XYScale&gt;450445547.3910538&lt;/XYScale&gt;&lt;ZOrigin&gt;-100000&lt;/ZOrigin&gt;&lt;ZScale&gt;10000&lt;/ZScale&gt;&lt;MOrigin&gt;-100000&lt;/MOrigin&gt;&lt;MScale&gt;10000&lt;/MScale&gt;&lt;XYTolerance&gt;0.001&lt;/XYTolerance&gt;&lt;ZTolerance&gt;0.001&lt;/ZTolerance&gt;&lt;MTolerance&gt;0.001&lt;/MTolerance&gt;&lt;HighPrecision&gt;true&lt;/HighPrecision&gt;&lt;WKID&gt;26915&lt;/WKID&gt;&lt;LatestWKID&gt;26915&lt;/LatestWKID&gt;&lt;/ProjectedCoordinateSystem&gt;</peXml>
			</coordRef>
			<lineage>
				<Process ToolSource="c:\program files (x86)\arcgis\desktop10.7\ArcToolbox\Toolboxes\Conversion Tools.tbx\FeatureClassToFeatureClass" Date="20200731" Time="102701">FeatureClassToFeatureClass L:\Resources\DatabaseConnections\SDE@GISLibrary.sde\GISLibrary.DBO.AdministrativeAndPolitical\GISLibrary.DBO.Counties \\rafsshare.mc.local\gis\gis_library\av_themes\Historic_Datasets\AdministrativeAndPolitical\Counties.gdb Counties_2020Q2 # "CO_CODE "CO_CODE" true true false 3 Text 0 0 ,First,#,L:\Resources\DatabaseConnections\SDE@GISLibrary.sde\GISLibrary.DBO.AdministrativeAndPolitical\GISLibrary.DBO.Counties,CO_CODE,-1,-1;CO_NAME "CO_NAME" true true false 24 Text 0 0 ,First,#,L:\Resources\DatabaseConnections\SDE@GISLibrary.sde\GISLibrary.DBO.AdministrativeAndPolitical\GISLibrary.DBO.Counties,CO_NAME,-1,-1;CO_NAME_FU "CO_NAME_FU" true true false 24 Text 0 0 ,First,#,L:\Resources\DatabaseConnections\SDE@GISLibrary.sde\GISLibrary.DBO.AdministrativeAndPolitical\GISLibrary.DBO.Counties,CO_NAME_FU,-1,-1;CO_ABBREV "CO_ABBREV" true true false 4 Text 0 0 ,First,#,L:\Resources\DatabaseConnections\SDE@GISLibrary.sde\GISLibrary.DBO.AdministrativeAndPolitical\GISLibrary.DBO.Counties,CO_ABBREV,-1,-1;GlobalID "GlobalID" false false false 38 GlobalID 0 0 ,First,#,L:\Resources\DatabaseConnections\SDE@GISLibrary.sde\GISLibrary.DBO.AdministrativeAndPolitical\GISLibrary.DBO.Counties,GlobalID,-1,-1;Shape_STArea__ "Shape_STArea__" false false true 0 Double 0 0 ,First,#,L:\Resources\DatabaseConnections\SDE@GISLibrary.sde\GISLibrary.DBO.AdministrativeAndPolitical\GISLibrary.DBO.Counties,Shape.STArea(),-1,-1;Shape_STLength__ "Shape_STLength__" false false true 0 Double 0 0 ,First,#,L:\Resources\DatabaseConnections\SDE@GISLibrary.sde\GISLibrary.DBO.AdministrativeAndPolitical\GISLibrary.DBO.Counties,Shape.STLength(),-1,-1" #</Process>
				<Process ToolSource="c:\program files (x86)\arcgis\desktop10.7\ArcToolbox\Toolboxes\Conversion Tools.tbx\FeatureClassToFeatureClass" Date="20210907" Time="095749">FeatureClassToFeatureClass Counties_2020Q2 "Database Connections\SDE@GISLibrary.sde\GISLibrary.DBO.Demographics" Census2020Counties # "CO_CODE "CO_CODE" true true false 3 Text 0 0 ,First,#,Counties_2020Q2,CO_CODE,-1,-1;CO_NAME "CO_NAME" true true false 24 Text 0 0 ,First,#,Counties_2020Q2,CO_NAME,-1,-1;CO_NAME_FU "CO_NAME_FU" true true false 24 Text 0 0 ,First,#,Counties_2020Q2,CO_NAME_FU,-1,-1;CO_ABBREV "CO_ABBREV" true true false 4 Text 0 0 ,First,#,Counties_2020Q2,CO_ABBREV,-1,-1;GlobalID "GlobalID" false false false 38 GlobalID 0 0 ,First,#,Counties_2020Q2,GlobalID,-1,-1;Shape_Length "Shape_Length" false true true 8 Double 0 0 ,First,#,Counties_2020Q2,Shape_Length,-1,-1;Shape_Area "Shape_Area" false true true 8 Double 0 0 ,First,#,Counties_2020Q2,Shape_Area,-1,-1" #</Process>
				<Process ToolSource="c:\program files (x86)\arcgis\desktop10.7\ArcToolbox\Toolboxes\Data Management Tools.tbx\Copy" Date="20210907" Time="105650">Copy C:\Users\Mayertj\AppData\Roaming\ESRI\Desktop10.7\ArcCatalog\SDE@GISLibrary.sde\Census2020Counties L:\GDRS\STAGE\bdry_census2020counties_ctus\fgdb\bdry_census2020counties_ctus.gdb\Census2020Counties FeatureClass</Process>
				<Process ToolSource="C:\program files\arcgis\server\ArcToolbox\Toolboxes\Conversion Tools.tbx\FeatureClassToFeatureClass" Date="20210907" Time="234909">FeatureClassToFeatureClass /var/ftp/gdrs_temp/update\us_mn_state_metc\bdry_census2020counties_ctus\fgdb\bdry_census2020counties_ctus.gdb\Census2020Counties /var/ftp/gdrs_temp/update\us_mn_state_metc\bdry_census2020counties_ctus\shp Census2020Counties.shp # "CO_CODE "CO_CODE" true true false 3 Text 0 0 ,First,#,/var/ftp/gdrs_temp/update\us_mn_state_metc\bdry_census2020counties_ctus\fgdb\bdry_census2020counties_ctus.gdb\Census2020Counties,CO_CODE,-1,-1;CO_NAME "CO_NAME" true true false 24 Text 0 0 ,First,#,/var/ftp/gdrs_temp/update\us_mn_state_metc\bdry_census2020counties_ctus\fgdb\bdry_census2020counties_ctus.gdb\Census2020Counties,CO_NAME,-1,-1;CO_NAME_FU "CO_NAME_FU" true true false 24 Text 0 0 ,First,#,/var/ftp/gdrs_temp/update\us_mn_state_metc\bdry_census2020counties_ctus\fgdb\bdry_census2020counties_ctus.gdb\Census2020Counties,CO_NAME_FU,-1,-1;CO_ABBREV "CO_ABBREV" true true false 4 Text 0 0 ,First,#,/var/ftp/gdrs_temp/update\us_mn_state_metc\bdry_census2020counties_ctus\fgdb\bdry_census2020counties_ctus.gdb\Census2020Counties,CO_ABBREV,-1,-1;Shape_Leng "Shape_Leng" false true true 8 Double 0 0 ,First,#,/var/ftp/gdrs_temp/update\us_mn_state_metc\bdry_census2020counties_ctus\fgdb\bdry_census2020counties_ctus.gdb\Census2020Counties,Shape_Length,-1,-1;Shape_Area "Shape_Area" false true true 8 Double 0 0 ,First,#,/var/ftp/gdrs_temp/update\us_mn_state_metc\bdry_census2020counties_ctus\fgdb\bdry_census2020counties_ctus.gdb\Census2020Counties,Shape_Area,-1,-1" #</Process>
			</lineage>
		</DataProperties>
		<SyncDate>20210907</SyncDate>
		<SyncTime>23490900</SyncTime>
		<ModDate>20210907</ModDate>
		<ModTime>23490900</ModTime>
	</Esri>
	<dataIdInfo>
		<envirDesc Sync="TRUE">Microsoft Windows XP Professional x64 Edition Version 5.2 (Build 3790) Service Pack 2; Esri ArcGIS 10.4.1.5686</envirDesc>
		<dataLang>
			<languageCode value="en" Sync="TRUE"/>
			<countryCode value="US" Sync="TRUE"/>
		</dataLang>
		<idCitation>
			<resTitle Sync="TRUE">Census2020Counties</resTitle>
			<presForm>
				<PresFormCd value="005" Sync="TRUE"/>
			</presForm>
		</idCitation>
		<spatRpType>
			<SpatRepTypCd value="001" Sync="TRUE"/>
		</spatRpType>
		<dataExt>
			<geoEle>
				<GeoBndBox esriExtentType="search">
					<exTypeCode Sync="TRUE">1</exTypeCode>
					<westBL Sync="TRUE">-94.022785</westBL>
					<eastBL Sync="TRUE">-92.728353</eastBL>
					<northBL Sync="TRUE">45.415690</northBL>
					<southBL Sync="TRUE">44.466891</southBL>
				</GeoBndBox>
			</geoEle>
		</dataExt>
	</dataIdInfo>
	<mdLang>
		<languageCode value="en" Sync="TRUE"/>
		<countryCode value="US" Sync="TRUE"/>
	</mdLang>
	<mdChar>
		<CharSetCd value="004" Sync="TRUE"/>
	</mdChar>
	<distInfo>
		<distFormat>
			<formatName Sync="TRUE">Shapefile</formatName>
		</distFormat>
		<distTranOps>
			<transSize Sync="TRUE">0.000</transSize>
		</distTranOps>
	</distInfo>
	<mdHrLv>
		<ScopeCd value="005" Sync="TRUE"/>
	</mdHrLv>
	<mdHrLvName Sync="TRUE">dataset</mdHrLvName>
	<refSysInfo>
		<RefSystem>
			<refSysID>
				<identCode code="26915" Sync="TRUE"/>
				<idCodeSpace Sync="TRUE">EPSG</idCodeSpace>
				<idVersion Sync="TRUE">6.13(3.0.1)</idVersion>
			</refSysID>
		</RefSystem>
	</refSysInfo>
	<spatRepInfo>
		<VectSpatRep>
			<geometObjs Name="Census2020Counties">
				<geoObjTyp>
					<GeoObjTypCd value="002" Sync="TRUE"/>
				</geoObjTyp>
				<geoObjCnt Sync="TRUE">0</geoObjCnt>
			</geometObjs>
			<topLvl>
				<TopoLevCd value="001" Sync="TRUE"/>
			</topLvl>
		</VectSpatRep>
	</spatRepInfo>
	<spdoinfo>
		<ptvctinf>
			<esriterm Name="Census2020Counties">
				<efeatyp Sync="TRUE">Simple</efeatyp>
				<efeageom code="4" Sync="TRUE"/>
				<esritopo Sync="TRUE">FALSE</esritopo>
				<efeacnt Sync="TRUE">0</efeacnt>
				<spindex Sync="TRUE">FALSE</spindex>
				<linrefer Sync="TRUE">FALSE</linrefer>
			</esriterm>
		</ptvctinf>
	</spdoinfo>
	<eainfo>
		<detailed Name="Census2020Counties">
			<enttyp>
				<enttypl Sync="TRUE">Census2020Counties</enttypl>
				<enttypt Sync="TRUE">Feature Class</enttypt>
				<enttypc Sync="TRUE">0</enttypc>
			</enttyp>
			<attr>
				<attrlabl Sync="TRUE">FID</attrlabl>
				<attalias Sync="TRUE">FID</attalias>
				<attrtype Sync="TRUE">OID</attrtype>
				<attwidth Sync="TRUE">4</attwidth>
				<atprecis Sync="TRUE">0</atprecis>
				<attscale Sync="TRUE">0</attscale>
				<attrdef Sync="TRUE">Internal feature number.</attrdef>
				<attrdefs Sync="TRUE">Esri</attrdefs>
				<attrdomv>
					<udom Sync="TRUE">Sequential unique whole numbers that are automatically generated.</udom>
				</attrdomv>
			</attr>
			<attr>
				<attrlabl Sync="TRUE">CO_CODE</attrlabl>
				<attalias Sync="TRUE">CO_CODE</attalias>
				<attrtype Sync="TRUE">String</attrtype>
				<attwidth Sync="TRUE">3</attwidth>
				<atprecis Sync="TRUE">0</atprecis>
				<attscale Sync="TRUE">0</attscale>
			</attr>
			<attr>
				<attrlabl Sync="TRUE">CO_NAME</attrlabl>
				<attalias Sync="TRUE">CO_NAME</attalias>
				<attrtype Sync="TRUE">String</attrtype>
				<attwidth Sync="TRUE">24</attwidth>
				<atprecis Sync="TRUE">0</atprecis>
				<attscale Sync="TRUE">0</attscale>
			</attr>
			<attr>
				<attrlabl Sync="TRUE">CO_NAME_FU</attrlabl>
				<attalias Sync="TRUE">CO_NAME_FU</attalias>
				<attrtype Sync="TRUE">String</attrtype>
				<attwidth Sync="TRUE">24</attwidth>
				<atprecis Sync="TRUE">0</atprecis>
				<attscale Sync="TRUE">0</attscale>
			</attr>
			<attr>
				<attrlabl Sync="TRUE">CO_ABBREV</attrlabl>
				<attalias Sync="TRUE">CO_ABBREV</attalias>
				<attrtype Sync="TRUE">String</attrtype>
				<attwidth Sync="TRUE">4</attwidth>
				<atprecis Sync="TRUE">0</atprecis>
				<attscale Sync="TRUE">0</attscale>
			</attr>
			<attr>
				<attrlabl Sync="TRUE">Shape</attrlabl>
				<attalias Sync="TRUE">Shape</attalias>
				<attrtype Sync="TRUE">Geometry</attrtype>
				<attwidth Sync="TRUE">0</attwidth>
				<atprecis Sync="TRUE">0</atprecis>
				<attscale Sync="TRUE">0</attscale>
				<attrdef Sync="TRUE">Feature geometry.</attrdef>
				<attrdefs Sync="TRUE">Esri</attrdefs>
				<attrdomv>
					<udom Sync="TRUE">Coordinates defining the features.</udom>
				</attrdomv>
			</attr>
			<attr>
				<attrlabl Sync="TRUE">Shape_Leng</attrlabl>
				<attalias Sync="TRUE">Shape_Leng</attalias>
				<attrtype Sync="TRUE">Double</attrtype>
				<attwidth Sync="TRUE">19</attwidth>
				<atprecis Sync="TRUE">0</atprecis>
				<attscale Sync="TRUE">0</attscale>
			</attr>
			<attr>
				<attrlabl Sync="TRUE">Shape_Area</attrlabl>
				<attalias Sync="TRUE">Shape_Area</attalias>
				<attrtype Sync="TRUE">Double</attrtype>
				<attwidth Sync="TRUE">19</attwidth>
				<atprecis Sync="TRUE">0</atprecis>
				<attscale Sync="TRUE">0</attscale>
				<attrdef Sync="TRUE">Area of feature in internal units squared.</attrdef>
				<attrdefs Sync="TRUE">Esri</attrdefs>
				<attrdomv>
					<udom Sync="TRUE">Positive real numbers that are automatically generated.</udom>
				</attrdomv>
			</attr>
		</detailed>
	</eainfo>
	<mdDateSt Sync="TRUE">20210907</mdDateSt>
</metadata>
