<?xml version="1.0" encoding="UTF-8"?><MD_Metadata xmlns:gts="http://www.isotc211.org/2005/gts" xmlns:gco="http://www.isotc211.org/2005/gco" xmlns:xalan="http://xml.apache.org/xalan" xmlns:srv="http://www.isotc211.org/2005/srv" xmlns:gmx="http://www.isotc211.org/2005/gmx" xmlns:xlink="http://www.w3.org/1999/xlink" xmlns:xsi="http://www.w3.org/2001/XMLSchema-instance" xmlns:gml="http://www.opengis.net/gml/3.2" xmlns="http://www.isotc211.org/2005/gmd">
    <characterSet>
        <MD_CharacterSetCode codeList="http://www.isotc211.org/2005/resources/Codelist/gmxCodelists.xml#MD_CharacterSetCode" codeListValue="utf8" codeSpace="ISOTC211/19115">utf8</MD_CharacterSetCode>
    </characterSet>
    <hierarchyLevel>
        <MD_ScopeCode codeList="http://www.isotc211.org/2005/resources/Codelist/gmxCodelists.xml#MD_ScopeCode" codeListValue="dataset" codeSpace="ISOTC211/19115">dataset</MD_ScopeCode>
    </hierarchyLevel>
    <hierarchyLevelName>
        <gco:CharacterString>dataset</gco:CharacterString>
    </hierarchyLevelName>
    <contact gco:nilReason="missing"/>
    <dateStamp gco:nilReason="missing"/>
    <metadataStandardName>
        <gco:CharacterString>ISO 19139 Geographic Information - Metadata - Implementation Specification</gco:CharacterString>
    </metadataStandardName>
    <metadataStandardVersion>
        <gco:CharacterString>2007</gco:CharacterString>
    </metadataStandardVersion>
    <identificationInfo>
        <MD_DataIdentification>
            <citation gco:nilReason="missing"/>
            <abstract>
                <gco:CharacterString>The geometry of parcels were created by Carver County's Survey department using COGO in an AutoCad environment. The AutoCad lines have been imported into a ArcGIS Geodatabase and polygons built. These polygons are attributed with a Parcel Identification Number (PID). The GIS polygons are joined by PID to the Assessor's CAMA system and Taxpayer Services tax database to show attributes of the property.</gco:CharacterString>
            </abstract>
            <purpose>
                <gco:CharacterString>Parcel data was developed for location and geocoding purposes. The attributes of the parcel data are in the MetroGIS Standard format.</gco:CharacterString>
            </purpose>
            <credit>
                <gco:CharacterString>Carver County GIS</gco:CharacterString>
            </credit>
            <descriptiveKeywords>
                <MD_Keywords>
                    <keyword>
                        <gco:CharacterString>Carver County</gco:CharacterString>
                    </keyword>
                    <keyword>
                        <gco:CharacterString>Open</gco:CharacterString>
                    </keyword>
                    <keyword>
                        <gco:CharacterString>Standard</gco:CharacterString>
                    </keyword>
                    <keyword>
                        <gco:CharacterString>MetroGIS</gco:CharacterString>
                    </keyword>
                    <keyword>
                        <gco:CharacterString>Property &amp; Places</gco:CharacterString>
                    </keyword>
                    <keyword>
                        <gco:CharacterString>Parcel</gco:CharacterString>
                    </keyword>
                </MD_Keywords>
            </descriptiveKeywords>
            <language gco:nilReason="missing"/>
            <characterSet>
                <MD_CharacterSetCode codeList="http://www.isotc211.org/2005/resources/Codelist/gmxCodelists.xml#MD_CharacterSetCode" codeListValue="utf8" codeSpace="ISOTC211/19115">utf8</MD_CharacterSetCode>
            </characterSet>
        </MD_DataIdentification>
    </identificationInfo>
</MD_Metadata>
